{"assets/fonts/GILROY-EXTRABOLD.OTF":["assets/fonts/GILROY-EXTRABOLD.OTF"],"assets/fonts/GILROY-LIGHT.otf":["assets/fonts/GILROY-LIGHT.otf"],"assets/fonts/RIGHTEOUS-REGULAR.TTF":["assets/fonts/RIGHTEOUS-REGULAR.TTF"],"assets/fonts/sf_pro_display.TTF":["assets/fonts/sf_pro_display.TTF"],"assets/images/background-auth.png":["assets/images/background-auth.png"],"assets/images/flags/fr.png":["assets/images/flags/fr.png"],"assets/images/flags/gb.png":["assets/images/flags/gb.png"],"assets/images/flags/jp.png":["assets/images/flags/jp.png"],"assets/images/flags/sg.png":["assets/images/flags/sg.png"],"assets/images/flags/us.png":["assets/images/flags/us.png"],"assets/images/profile-example.png":["assets/images/profile-example.png"],"assets/images/world_map_background.png":["assets/images/world_map_background.png"],"packages/cupertino_icons/assets/CupertinoIcons.ttf":["packages/cupertino_icons/assets/CupertinoIcons.ttf"],"packages/eva_icons_flutter/lib/fonts/evaicons.ttf":["packages/eva_icons_flutter/lib/fonts/evaicons.ttf"]}