[{"family":"MaterialIcons","fonts":[{"asset":"fonts/MaterialIcons-Regular.otf"}]},{"family":"GilroyLight","fonts":[{"asset":"assets/fonts/GILROY-LIGHT.otf"}]},{"family":"GilroyBold","fonts":[{"asset":"assets/fonts/GILROY-EXTRABOLD.OTF"}]},{"family":"SfProDisplay","fonts":[{"asset":"assets/fonts/sf_pro_display.TTF"}]},{"family":"Righteous","fonts":[{"asset":"assets/fonts/RIGHTEOUS-REGULAR.TTF"}]},{"family":"packages/cupertino_icons/CupertinoIcons","fonts":[{"asset":"packages/cupertino_icons/assets/CupertinoIcons.ttf"}]},{"family":"packages/eva_icons_flutter/EvaIcons","fonts":[{"asset":"packages/eva_icons_flutter/lib/fonts/evaicons.ttf"}]}]